Class,Dice_Score,IoU_Score,Accuracy,Sample_Count
0,0.999355,0.998710,0.999288,165621
1,0.826038,0.776789,0.832741,178
2,0.901380,0.864903,0.905654,280
3,0.948605,0.902334,0.946797,169
4,0.948027,0.901275,0.950910,159
5,0.947238,0.899841,0.954621,171
6,0.944458,0.894976,0.950796,195
7,0.951016,0.906752,0.957340,239
8,0.952155,0.909099,0.957467,761
