Class,Dice_Score,IoU_Score,Accuracy,Sample_Count
0,0.998979,0.997962,0.998692,165478
1,0.942414,0.891373,0.948481,209
2,0.956372,0.916550,0.959600,272
3,0.925280,0.862400,0.919492,171
4,0.858748,0.777825,0.850291,166
5,0.850265,0.761220,0.875382,167
6,0.856065,0.764845,0.857173,188
7,0.900932,0.825126,0.912128,247
8,0.910248,0.850767,0.955647,875
