Class,Dice_Score,IoU_Score,Accuracy,Sample_Count
0,0.998977,0.997957,0.998934,165478
1,0.930597,0.870460,0.924652,209
2,0.943574,0.893987,0.936787,272
3,0.890451,0.820896,0.889905,171
4,0.865539,0.796138,0.856771,166
5,0.876212,0.801977,0.874034,167
6,0.895994,0.822033,0.895152,188
7,0.914672,0.846532,0.938626,247
8,0.909690,0.850481,0.930351,875
