Convergence Epoch,Total Training Time (hours),Total Training Time (second),Average Epoch Time(s),Average RAM (GB),Average GPU Memory (GB),Energy Consumed (kWh),CO2 Emissions (kg)
66,1.7420744890636868,6271.4681606292725,95.02224485801928,1.2992145653926963,0.2935194969177246,,
66,1.8054648694064883,6499.6735298633575,98.47990196762665,1.3297343398585464,0.2935194969177246,,
68,1.8116304663154812,6521.8696787357331,95.90984821670196,1.2994031345143038,0.2935194969177246,,
68,1.7433982128567165,6276.2335662841823,92.29755244535558,1.3223855074714213,0.2935194969177246,,
67,1.7727968478335274,6381.3215220069885,94.91520155430367,1.3104526259765625,0.2935194969177246,,