Total Training Time (hours),Total Training Time (second),Average Epoch Time(s),Average RAM (GB),Average GPU Memory (GB),Energy Consumed (kWh),CO2 Emissions (kg)
5.304312700496779,19095.525721788406,95.47762860894204,1.3028899574279784,0.2935194969177246,,0.4671649293008699
5.438420780367322,19578.31480932236,97.89157404661178,1.3311745643615722,0.2935194969177246,,0.4844034350328778
5.13608540435632,18489.907455682755,92.44953727841376,1.330104866027832,0.2935194969177246,,0.4529896209163298
5.253106715679169,18911.184176445007,94.55592088222504,1.286525535583496,0.2935194969177246,,0.4618643675002636
5.150943082902167,18543.3950984478,92.716975492239,1.3286767578125,0.2935194969177246,,0.46211010854947016
