Convergence Epoch,Total Training Time (hours),Total Training Time (second),Average Epoch Time(s),Average RAM (GB),Average GPU Memory (GB),Energy Consumed (kWh),CO2 Emissions (kg)
15,14.088797293040487,50719.67025494576,3381.311350329717,1.2339820861816406,0.3728428522745768,,
12,11.199256596300335,40317.32374668121,3359.776978890101,1.2378753026326497,0.3728469212849934,,
14,12.925560590227445,46532.01812481881,3323.715580344235,1.270660400390625,0.3728440148489816,,
13,12.150301467129345,43740.67025494576,3364.615384615385,1.250132946245686,0.373427978364123,,
16,15.200891201645191,54720.32374668121,3420.311350329717,1.263019753462364,0.373504111679354,,
