Total Inference Time (hours),Total Inference Time (second),Average GPU Memory (GB),Energy Consumed (kWh),CO2 Emissions (kg),Accuracy,Dice Score,IoU
0.6539996695518494,2354.3988103866577,0.9794092178344728,,0.0490902815096389,0.9942611494518462,0.23299453,0.2210721
0.6643124296930101,2391.5247468948364,0.9794092178344728,,0.0494679781409251,0.9941607018122596,0.2334493547677993,0.2217215448617935
0.6849396266539891,2465.782655954361,0.9794092178344728,,0.0528747744411442,0.9938844698951358,0.2310867607593536,0.2190660983324051
0.7125229162640042,2565.082498550415,0.9794092178344728,,0.0556015821557302,0.9944799459548224,0.2350554466247558,0.2235337942838668
0.6480253944132063,2332.8914198875427,0.9794092178344727,,0.048511866379688545,0.9942810343182276,0.23328958451747894,0.2218797206878662
