Total Training Time (hours),Total Training Time (second),Average Epoch Time(s),Average RAM (GB),Average GPU Memory (GB),Energy Consumed (kWh),CO2 Emissions (kg)
18.76262236773968,67545.44052386284,3377.2720261931418,1.2699810028076173,0.3728387832641601,,1.5963900012913188
18.82084519399537,67755.04269838333,3387.7521349191666,1.2319561004638673,0.3733148574829101,,1.5957746030745357
18.61965644021829,67030.76318478584,3351.5381592392923,1.2385129928588867,0.3728387832641601,,1.6134360941118944
18.41164394941595,66281.91821789742,3314.095910894871,1.2699810028076173,0.3728387832641601,,1.615045158404625
18.5307950432433,66710.86215567589,3335.5431077837943,1.2655134201049805,0.37283878326416015,,1.6103875696462076
