num_volumes,accuracy,dice_score,iou,foreground_accuracy,foreground_dice_score,foreground_iou,acc_0_background,dice_0_background,iou_0_background,acc_1_C1,dice_1_C1,iou_1_C1,acc_2_C2,dice_2_C2,iou_2_C2,acc_3_C3,dice_3_C3,iou_3_C3,acc_4_C4,dice_4_C4,iou_4_C4,acc_5_C5,dice_5_C5,iou_5_C5,acc_6_C6,dice_6_C6,iou_6_C6,acc_7_C7,dice_7_C7,iou_7_C7,acc_8_>7,dice_8_>7,iou_8_>7
17,0.992731,0.909115,0.842452,0.901028,0.898113,0.823473,0.997129,0.997131,0.994283,0.942175,0.938329,0.885342,0.955895,0.952455,0.909560,0.901848,0.919074,0.853724,0.852394,0.852964,0.757224,0.871651,0.852415,0.751191,0.879334,0.875459,0.783603,0.899308,0.891706,0.809892,0.905624,0.902502,0.837248
