Class,Name,Dice_Score,IoU_Score,Accuracy
0,background,0.997131,0.994283,0.997129
1,C1,0.938329,0.885342,0.942175
2,C2,0.952455,0.909560,0.955895
3,C3,0.919074,0.853724,0.901848
4,C4,0.852964,0.757224,0.852394
5,C5,0.852415,0.751191,0.871651
6,C6,0.875459,0.783603,0.879334
7,C7,0.891706,0.809892,0.899308
8,>7,0.902502,0.837248,0.905624
