Total Inference Time (hours),Total Inference Time (second),Average GPU Memory (GB),Energy Consumed (kWh),CO2 Emissions (kg),Accuracy,Dice Score,IoU
0.6594011953804229,2373.844303369522,0.9794092178344728,,0.0495884283703815,0.9872827796330528,0.22204572,0.20365125
0.5116183497508366,1841.826059103012,0.9794092178344727,,0.03970801862296661,0.9905188258063571,0.22452929615974426,0.20734593272209167
