num_volumes,accuracy,dice_score,iou,foreground_accuracy,foreground_dice_score,foreground_iou,acc_0_background,dice_0_background,iou_0_background,acc_1_C1,dice_1_C1,iou_1_C1,acc_2_C2,dice_2_C2,iou_2_C2,acc_3_C3,dice_3_C3,iou_3_C3,acc_4_C4,dice_4_C4,iou_4_C4,acc_5_C5,dice_5_C5,iou_5_C5,acc_6_C6,dice_6_C6,iou_6_C6,acc_7_C7,dice_7_C7,iou_7_C7,acc_8_>7,dice_8_>7,iou_8_>7
17,0.993279,0.834303,0.775402,0.698603,0.703008,0.643731,0.997747,0.997583,0.995178,0.943868,0.946206,0.898180,0.955941,0.956555,0.916835,0.918146,0.924065,0.861943,0.891098,0.878795,0.794897,0.855134,0.857148,0.777935,0.764959,0.774852,0.677173,0.242293,0.259786,0.205655,0.017385,0.026654,0.017231
