Class,Name,Dice_Score,IoU_Score,Accuracy
0,background,0.997583,0.995178,0.997747
1,C1,0.946206,0.898180,0.943868
2,C2,0.956555,0.916835,0.955941
3,C3,0.924065,0.861943,0.918146
4,C4,0.878795,0.794897,0.891098
5,C5,0.857148,0.777935,0.855134
6,C6,0.774852,0.677173,0.764959
7,C7,0.259786,0.205655,0.242293
8,>7,0.026654,0.017231,0.017385
