Class,Dice_Score,IoU_Score,Accuracy,Sample_Count
0,0.994700,0.989466,0.998600,165663
1,0.124170,0.078177,0.085894,226
2,0.292110,0.203212,0.272986,316
3,0.252861,0.178475,0.219057,219
4,0.201308,0.135673,0.155538,220
5,0.229753,0.158014,0.216063,254
6,0.203164,0.137851,0.177594,264
7,0.129846,0.079323,0.091705,305
8,0.115432,0.073537,0.096872,307
