Class,Dice_Score,IoU_Score,Accuracy,Sample_Count
0,0.909505,0.838756,0.956406,92556
1,0.000000,0.000000,0.000000,0
2,0.035708,0.018895,0.027014,9125
3,0.313214,0.224081,0.393980,33660
4,0.404072,0.287039,0.430376,30442
5,0.306103,0.219251,0.490910,1991
6,0.000007,0.000004,0.000004,0
7,0.000000,0.000000,0.000000,0
8,0.000000,0.000000,0.000000,0
