Class,Dice_Score,IoU_Score,Accuracy,Sample_Count
0,0.999032,0.998066,0.998916,165621
1,0.817849,0.762839,0.830433,178
2,0.895294,0.853864,0.904394,280
3,0.920981,0.854442,0.919013,169
4,0.906769,0.832394,0.898251,159
5,0.902262,0.824797,0.915946,171
6,0.894757,0.812523,0.905862,195
7,0.899314,0.822057,0.914614,239
8,0.895108,0.818368,0.910667,761
