Class,Dice_Score,IoU_Score,Accuracy,Sample_Count
0,0.997546,0.995120,0.997965,104860
1,0.116755,0.106239,0.115527,0
2,0.189490,0.175656,0.190357,0
3,0.104021,0.092669,0.110070,0
4,0.098912,0.087767,0.102339,0
5,0.106513,0.095265,0.108489,0
6,0.112830,0.100307,0.112038,0
7,0.132284,0.120433,0.134843,0
8,0.241255,0.223461,0.241505,0
