Class,Dice_Score,IoU_Score,Accuracy,Sample_Count
0,0.995183,0.990449,0.990544,104860
1,0.095269,0.078165,0.129252,0
2,0.168290,0.144895,0.203785,0
3,0.100509,0.085833,0.120946,0
4,0.106175,0.091377,0.122110,0
5,0.109915,0.093675,0.131862,0
6,0.106118,0.089125,0.133339,0
7,0.121303,0.103415,0.147553,0
8,0.218002,0.189180,0.263703,0
