Total Inference Time (hours),Total Inference Time (second),Average GPU Memory (GB),Energy Consumed (kWh),CO2 Emissions (kg),Accuracy,Dice Score,IoU
0.5978274238771862,2152.1787259578705,0.9637608528137208,,0.045460210367811,0.993368792458186,0.22140847,0.2105367
0.5986918006340662,2155.2904822826385,0.9637608528137208,,0.045244857141268,0.9944541361975292,0.2306674569845199,0.219860166311264
0.6158592186371485,2217.0931870937347,0.9637608528137208,,0.047762522955158,0.9946044461689298,0.230243369936943,0.2195499390363693
0.617717972861396,2223.7847023010254,0.9637608528137208,,0.047151816641484,0.9940085765293666,0.2282962501049041,0.2171276956796646
0.6271808473269145,2257.851050376892,0.9637608528137207,,0.04864653744794308,0.9938916633242653,0.22510552406311035,0.21370470523834229
