Class,Dice_Score,IoU_Score,Accuracy,Sample_Count
0,0.993831,0.987779,0.988147,104860
1,0.099540,0.082321,0.132066,0
2,0.174912,0.151550,0.206328,0
3,0.095570,0.079625,0.116203,0
4,0.096993,0.079597,0.125835,0
5,0.094419,0.078021,0.120399,0
6,0.102660,0.084954,0.125861,0
7,0.119505,0.100632,0.147488,0
8,0.220982,0.188382,0.273006,0
