Total Training Time (hours),Total Training Time (second),Average Epoch Time(s),Average RAM (GB),Average GPU Memory (GB),Energy Consumed (kWh),CO2 Emissions (kg)
14.565301759971511,52435.086335897446,2621.7543167948725,1.2462850570678712,0.3732213973999023,,1.3042103848020934
16.67539752033022,60031.43107318878,3001.571553659439,1.1438899993896483,0.3732213973999023,,1.4488397693322876
15.46692666331927,55680.93598794937,2784.0467993974685,1.2488470077514648,0.3727575302124023,,1.385099457915186
15.323615077866448,55165.014280319214,2758.2507140159605,1.2546703338623046,0.3727575302124023,,1.4100966192653197
15.552231939898597,55988.03498363495,2799.4017491817476,1.2531105041503907,0.3727575302124023,,1.4192029271804338
