Total Training Time (hours),Total Training Time (second),Average Epoch Time(s),Average RAM (GB),Average GPU Memory (GB),Energy Consumed (kWh),CO2 Emissions (kg)
18.371463997297816,66137.27039027214,3306.863519513607,1.3122392654418946,0.3723631858825683,,1.594216306496098
18.748124474419487,67493.24810791016,3374.662405395508,1.3131486892700195,0.37236318588256834,,1.6005404847208367
18.965372841506214,68275.34222984314,3413.767111492157,1.3138521909713746,0.3728631858825683,,1.6082743925189036
19.014586903148627,69172.51285171509,3458.6256425857544,1.3145560026168824,0.37836318588256834,,1.617832105493271
18.486732155093982,70152.23575878143,3507.6117879390717,1.315260410308838,0.37296318588256836,,1.6288739412054098