Class,Dice_Score,IoU_Score,Accuracy,Sample_Count
0,0.995282,0.990614,0.995482,165663
1,0.329630,0.233912,0.348010,226
2,0.409111,0.294835,0.435763,316
3,0.407709,0.299374,0.445133,219
4,0.413626,0.303971,0.474645,220
5,0.339972,0.239779,0.348175,254
6,0.283139,0.195061,0.303477,264
7,0.254982,0.172946,0.265044,305
8,0.250718,0.164770,0.292445,307
