Total Training Time (hours),Total Training Time (second),Average Epoch Time(s),Average RAM (GB),Average GPU Memory (GB),Energy Consumed (kWh),CO2 Emissions (kg)
19.432176936533715,69955.83697152138,3497.791848576069,1.314005470275879,0.3723631858825683,,1.6259586677752094
19.643684734834565,70717.26504540443,3535.863252270222,1.3149484634399413,0.37236318588256834,,1.6443119564592874
19.812547392618944,71325.1706134282,3566.25853067141,1.315732479095459,0.3723631858825683,,1.6629483210874362
20.036891245907318,72132.80848526635,3606.640424263318,1.3164187669754028,0.37296318588256834,,1.6817329445059817
20.284176583492761,73023.035700574,3651.1517850287,1.3171055316925049,0.373026318588256836,,1.7024815369186549