Total Inference Time (hours),Total Inference Time (second),Average GPU Memory (GB),Energy Consumed (kWh),CO2 Emissions (kg),Accuracy,Dice Score,IoU
0.6594011953804229,2373.844303369522,0.9794092178344727,,0.049588428370381535,0.9872827796330528,0.22204572,0.20365125
