Total Training Time (hours),Total Training Time (second),Average Epoch Time(s),Average RAM (GB),Average GPU Memory (GB),Energy Consumed (kWh),CO2 Emissions (kg)
19.03644661843777,68531.20782637596,3426.560391318798,1.4288009643554689,0.3723631858825683,,1.6222065320584005
19.291535947057938,69449.52940940857,3472.4764704704285,1.4329267501831056,0.37236318588256834,,1.635319209464735
19.55827461390241,70409.78861004868,3520.489430502434,1.4371024360656739,0.3726631858825683,,1.6491828479365218
19.836947285614982,71412.01022821394,3570.600511410697,1.4412873268127443,0.37276318588256834,,1.6641875032140986
19.128603741095364,72462.97346794635,3623.1486733973177,1.445462989807129,0.37286318588256836,,1.680524918772403