Class,Dice_Score,IoU_Score,Accuracy,Sample_Count
0,0.997631,0.995290,0.998915,104860
1,0.108103,0.098548,0.107501,0
2,0.182709,0.170144,0.179050,0
3,0.089675,0.077841,0.087436,0
4,0.092366,0.079571,0.091929,0
5,0.090666,0.078474,0.090971,0
6,0.106537,0.093330,0.106311,0
7,0.120720,0.109542,0.115298,0
8,0.237541,0.220602,0.234214,0
