Total Training Time (hours),Total Training Time (second),Average Epoch Time(s),Average RAM (GB),Average GPU Memory (GB),Energy Consumed (kWh),CO2 Emissions (kg)
16.750061776041985,60300.22239375114,3015.0111196875573,1.2349353790283204,0.3727575302124023,,1.4270041722830484
16.179676417708396,58246.83510375023,2912.341755187512,1.2493404388427731,0.3727575302124023,,1.469925589910695
16.112130420737795,58003.66951465607,2900.183475732804,1.2515615463256835,0.3732213973999023,,1.448829119462464
16.19777984003226,58312.007424116135,2915.600371205807,1.2546781539916991,0.3732213973999023,,2.555810111046363
16.529980025490126,59507.92809176445,2975.3964045882226,1.2358545303344726,0.3732213973999023,,1.431564365777832