class_id,class_name,pixel_count,percent_of_all_pixels
0,Background,7127052353,97.289487
1,C1,18292719,0.249709
2,C2,23027288,0.314339
3,C3,15421481,0.210515
4,C4,15580630,0.212687
5,C5,16784816,0.229125
6,C6,18496700,0.252494
7,C7,23040174,0.314515
8,Other Vertebrae,67917919,0.927129
