vertebrae,n_fractured,n_total,frac_rate_%
C1,146,961,15.192507804370447
C2,285,961,29.656607700312176
C3,73,961,7.596253902185223
C4,108,961,11.238293444328825
C5,162,961,16.857440166493237
C6,277,961,28.82414151925078
C7,393,961,40.894901144641
