vertebrae,n_fractured,n_total,n_normal,pct_fractured
C1,146,961,815,15.192507804370447
C2,285,961,676,29.656607700312176
C3,73,961,888,7.596253902185223
C4,108,961,853,11.238293444328825
C5,162,961,799,16.857440166493237
C6,277,961,684,28.82414151925078
C7,393,961,568,40.894901144641
