hu_min,hu_max,hu_mean,hu_std
-3024.0,3071.0,-462.37775886535644,942.25593350717
