Class,Dice_Score,IoU_Score,Accuracy,Sample_Count
0,0.997472,0.994970,0.997671,104860
1,0.115219,0.104781,0.115138,0
2,0.188497,0.174180,0.188471,0
3,0.101002,0.088995,0.102063,0
4,0.100556,0.088145,0.101618,0
5,0.105380,0.093690,0.109475,0
6,0.110079,0.098149,0.109217,0
7,0.124580,0.113239,0.125496,0
8,0.242482,0.224424,0.246041,0
