num_volumes,accuracy,dice_score,iou,foreground_accuracy,foreground_dice_score,foreground_iou,acc_0_background,dice_0_background,iou_0_background,acc_1_C1,dice_1_C1,iou_1_C1,acc_2_C2,dice_2_C2,iou_2_C2,acc_3_C3,dice_3_C3,iou_3_C3,acc_4_C4,dice_4_C4,iou_4_C4,acc_5_C5,dice_5_C5,iou_5_C5,acc_6_C6,dice_6_C6,iou_6_C6,acc_7_C7,dice_7_C7,iou_7_C7,acc_8_other,dice_8_other,iou_8_other
17,0.993837,0.938433,0.888516,0.932624,0.931109,0.875322,0.996880,0.997026,0.994074,0.931673,0.935311,0.879541,0.950447,0.953265,0.910932,0.938176,0.941600,0.890013,0.934744,0.934391,0.878009,0.933191,0.927234,0.866038,0.919852,0.924680,0.863185,0.919348,0.920933,0.862329,0.933557,0.911460,0.852527
