Class,Dice_Score,IoU_Score,Accuracy,Sample_Count
0,0.996566,0.993177,0.994359,104860
1,0.115020,0.103055,0.124307,0
2,0.184823,0.167828,0.194506,0
3,0.097611,0.085008,0.105126,0
4,0.100747,0.086448,0.108119,0
5,0.108431,0.096045,0.123458,0
6,0.114627,0.101345,0.124676,0
7,0.129298,0.116017,0.139251,0
8,0.233263,0.207598,0.268025,0
