Class,Dice_Score,IoU_Score,Accuracy,Sample_Count
0,0.997190,0.994413,0.997486,104860
1,0.107238,0.096593,0.105579,0
2,0.168808,0.155135,0.166500,0
3,0.094037,0.082118,0.096246,0
4,0.097550,0.085414,0.103719,0
5,0.099836,0.087001,0.102969,0
6,0.110276,0.097342,0.115877,0
7,0.127231,0.115035,0.129798,0
8,0.240337,0.220484,0.244550,0
