Class_ID,Class_Name,Dice_Score,IoU_Score,Accuracy,Sample_Count
0,Background,0.993920,0.987997,0.992001,104860
1,C1,0.091295,0.076677,0.108886,0
2,C2,0.153701,0.133047,0.166426,0
3,C3,0.060433,0.047920,0.070205,0
4,C4,0.063444,0.050408,0.078538,0
5,C5,0.057505,0.044853,0.057023,0
6,C6,0.083865,0.069375,0.092170,0
7,C7,0.089780,0.073433,0.087199,0
8,Other_Vertebrae,0.198799,0.163404,0.254975,0
