Total Training Time (hours),Total Training Time (second),Average Epoch Time(s),Average RAM (GB),Average GPU Memory (GB),Energy Consumed (kWh),CO2 Emissions (kg)
0.5413316660457187,1948.793997764588,389.7587995529175,1.258808135986328,0.3707799911499023,,0.0930643965156501
0.516824296646648,1860.5674679279327,372.1134935855865,1.359088134765625,0.0911707878112793,,0.0839463850739239
0.5682085936599307,2045.5509371757507,409.1101874351501,1.3610397338867188,0.09180402755737305,,0.09121523230416002
