num_volumes,accuracy,dice_score,iou,foreground_accuracy,foreground_dice_score,foreground_iou,acc_0_background,dice_0_background,iou_0_background,acc_1_C1,dice_1_C1,iou_1_C1,acc_2_C2,dice_2_C2,iou_2_C2,acc_3_C3,dice_3_C3,iou_3_C3,acc_4_C4,dice_4_C4,iou_4_C4,acc_5_C5,dice_5_C5,iou_5_C5,acc_6_C6,dice_6_C6,iou_6_C6,acc_7_C7,dice_7_C7,iou_7_C7
17,0.994696,0.939197,0.890497,0.934632,0.930858,0.875546,0.997427,0.997570,0.995152,0.946305,0.944908,0.895924,0.957872,0.956497,0.916796,0.939022,0.944355,0.894906,0.896101,0.896865,0.828220,0.919013,0.908769,0.841145,0.934985,0.939577,0.886535,0.949125,0.925037,0.865298
