Class,Dice_Score,IoU_Score,Accuracy,Sample_Count
0,0.997546,0.995120,0.997965,104860
1,0.128755,0.118239,0.127527,0
2,0.199490,0.187656,0.192357,0
3,0.116021,0.095669,0.122070,0
4,0.099912,0.098767,0.114339,0
5,0.118513,0.096265,0.119489,0
6,0.125830,0.114307,0.124038,0
7,0.135284,0.133433,0.146843,0
8,0.253255,0.232461,0.253505,0
