Convergence Epoch,Total Training Time (hours),Total Training Time (second),Average Epoch Time(s),Average RAM (GB),Average GPU Memory (GB),Energy Consumed (kWh),CO2 Emissions (kg)
23,18.939976412852605,68183.91508626938,2964.518047229104,1.2681740470554517,0.3727543457694676,,
21,17.471815575957297,62898.536073446274,2995.1683844498225,1.2682863871256511,0.3727563676379976,,
25,20.112458739621843,72404.85146263864,2896.1940585055455,1.267982415873462,0.3727519821456638,,
22,18.203719564883214,65533.39043357957,2978.790474253616,1.268103774612958,0.3727531145982241,,
24,19.487662981504376,70155.58673341575,2923.149447225656,1.2682159364873315,0.3727556239847719,,
