Total Inference Time (hours),Total Inference Time (second),Average GPU Memory (GB),Energy Consumed (kWh),CO2 Emissions (kg),Accuracy,Dice Score,IoU
0.6072053337097167,2185.9392013549805,0.9637608528137208,,0.0453229323798226,0.9932292568872846,0.22788477,0.21571743
0.6306615300310983,2270.3815081119537,0.9637608528137208,,0.0476536369673845,0.9929809854901026,0.2230838388204574,0.2113528698682785
0.6224747839901182,2240.9092223644257,0.9637608528137208,,0.0487322052692169,0.9934673733181424,0.2270339876413345,0.2152096629142761
0.6239088021384345,2246.0716876983643,0.9637608528137208,,0.0910120208703592,0.992957515413799,0.2243028730154037,0.2120081633329391
0.6472937595844269,2330.2575345039368,0.9637608528137208,,0.0484058340716768,0.9928689920334588,0.2208380103111267,0.2087277173995971
0.6209986289342244,2235.595064163208,0.9637608528137208,,0.0929181820863657,0.9941277506994822,0.2316961586475372,0.2200636565685272
0.6176121626959906,2223.4037857055664,0.9637608528137208,,0.0917501468891116,0.9941277506994822,0.2316961586475372,0.2200636565685272
0.6339187562465668,2282.1075224876404,0.9637608528137207,,0.09399150522255859,0.9941277506994822,0.23169615864753723,0.22006365656852722
