vertebra,studies_with_label,min,max,mean
C1,81,27,56,37.0
C2,81,49,85,63.60493827160494
C3,81,30,53,38.925925925925924
C4,81,29,55,39.91358024691358
C5,81,30,58,41.407407407407405
C6,81,32,60,42.95061728395062
C7,81,36,77,47.95061728395062
