Total Inference Time (hours),Total Inference Time (second),Average GPU Memory (GB),Energy Consumed (kWh),CO2 Emissions (kg),Accuracy,Dice Score,IoU
0.0197395330667495,71.06231904029846,0.4718146324157715,,0.0014845372845113,0.987646844651964,0.28259373,0.22596969
0.0194327192174063,69.95778918266296,0.4718146324157715,,0.001452407916056,0.987646844651964,0.2825937271118164,0.2259696871042251
0.0196292544073528,70.66531586647034,0.4718146324157715,,0.0014692419839291,0.987646844651964,0.2825937271118164,0.2259696871042251
0.0192914148171742,69.44909334182739,0.4718146324157715,,0.0014888613692026,0.987646844651964,0.2825937271118164,0.2259696871042251
0.01959479570388794,70.54126453399658,0.4718146324157715,,0.0014679099499301368,0.987646844651964,0.2825937271118164,0.22596968710422516
