num_volumes,accuracy,dice_score,iou,foreground_accuracy,foreground_dice_score,foreground_iou,acc_0_background,dice_0_background,iou_0_background,acc_1_C1,dice_1_C1,iou_1_C1,acc_2_C2,dice_2_C2,iou_2_C2,acc_3_C3,dice_3_C3,iou_3_C3,acc_4_C4,dice_4_C4,iou_4_C4,acc_5_C5,dice_5_C5,iou_5_C5,acc_6_C6,dice_6_C6,iou_6_C6,acc_7_C7,dice_7_C7,iou_7_C7,acc_8_other,dice_8_other,iou_8_other
17,0.998271,0.973814,0.953897,0.970387,0.970556,0.948166,1.000000,0.999872,0.999744,0.990469,0.993923,0.988129,0.992950,0.994762,0.989620,0.978791,0.983986,0.969091,0.938735,0.944368,0.911212,0.951593,0.949291,0.913526,0.972554,0.972058,0.947589,0.984948,0.953967,0.918956,0.953058,0.972095,0.947208
